{
  "project_info": {
    "project_number": "175599045594",
    "project_id": "tidy-touch-c4a0a",
    "storage_bucket": "tidy-touch-c4a0a.appspot.com"
  },
  "client": [
    {
      "client_info": {
        "mobilesdk_app_id": "1:175599045594:android:67bd5c184e043f71780ee3",
        "android_client_info": {
          "package_name": "com.example.helloworld"
        }
      },
      "oauth_client": [],
      "api_key": [
        {
          "current_key": "AIzaSyDxT2tJt3F5m8C653TnpaXADrOTtwrfaQQ"
        }
      ],
      "services": {
        "appinvite_service": {
          "other_platform_oauth_client": []
        }
      }
    }
  ],
  "configuration_version": "1"
}